Domain,Category,SEO_Title,SEO_Description,Meta_Description
PreciseTutor.com,brandable_general,PreciseTutor.com – اسم علامة مميز (Brandable General),PreciseTutor.com مناسب لـ قابل للعلامة، اسم قصير، سهل التذكر. قصير وسهل التذكّر ومحسّن لمحركات البحث — مثالي للنمو العضوي وبناء الثقة.,اكتشف PreciseTutor.com: اسم بريميوم لـ قابل للعلامة واسم قصير وسهل التذكر. قصير ومميز وملائم لـ SEO.
Nilufer.org,brandable_general,Nilufer.org – اسم علامة مميز (Brandable General),Nilufer.org مناسب لـ قابل للعلامة، اسم قصير، سهل التذكر. قصير وسهل التذكّر ومحسّن لمحركات البحث — مثالي للنمو العضوي وبناء الثقة.,اكتشف Nilufer.org: اسم بريميوم لـ قابل للعلامة واسم قصير وسهل التذكر. قصير ومميز وملائم لـ SEO.
NIFE.net,brandable_general,NIFE.net – اسم علامة مميز (Brandable General),NIFE.net مناسب لـ قابل للعلامة، اسم قصير، سهل التذكر. قصير وسهل التذكّر ومحسّن لمحركات البحث — مثالي للنمو العضوي وبناء الثقة.,اكتشف NIFE.net: اسم بريميوم لـ قابل للعلامة واسم قصير وسهل التذكر. قصير ومميز وملائم لـ SEO.
SUAT.net,brandable_general,SUAT.net – اسم علامة مميز (Brandable General),SUAT.net مناسب لـ قابل للعلامة، اسم قصير، سهل التذكر. قصير وسهل التذكّر ومحسّن لمحركات البحث — مثالي للنمو العضوي وبناء الثقة.,اكتشف SUAT.net: اسم بريميوم لـ قابل للعلامة واسم قصير وسهل التذكر. قصير ومميز وملائم لـ SEO.
WordyPool.com,brandable_general,WordyPool.com – اسم علامة مميز (Brandable General),WordyPool.com مناسب لـ قابل للعلامة، اسم قصير، سهل التذكر. قصير وسهل التذكّر ومحسّن لمحركات البحث — مثالي للنمو العضوي وبناء الثقة.,اكتشف WordyPool.com: اسم بريميوم لـ قابل للعلامة واسم قصير وسهل التذكر. قصير ومميز وملائم لـ SEO.
EntryOL.com,trend_analytics,EntryOL.com – اسم علامة مميز (Trend Analytics),EntryOL.com مناسب لـ تحليلات، بيانات، اتجاهات. قصير وسهل التذكّر ومحسّن لمحركات البحث — مثالي للنمو العضوي وبناء الثقة.,اكتشف EntryOL.com: اسم بريميوم لـ تحليلات وبيانات واتجاهات. قصير ومميز وملائم لـ SEO.
NewsPrivate.com,brandable_general,NewsPrivate.com – اسم علامة مميز (Brandable General),NewsPrivate.com مناسب لـ قابل للعلامة، اسم قصير، سهل التذكر. قصير وسهل التذكّر ومحسّن لمحركات البحث — مثالي للنمو العضوي وبناء الثقة.,اكتشف NewsPrivate.com: اسم بريميوم لـ قابل للعلامة واسم قصير وسهل التذكر. قصير ومميز وملائم لـ SEO.
TalkInHealth.com,brandable_general,TalkInHealth.com – اسم علامة مميز (Brandable General),TalkInHealth.com مناسب لـ قابل للعلامة، اسم قصير، سهل التذكر. قصير وسهل التذكّر ومحسّن لمحركات البحث — مثالي للنمو العضوي وبناء الثقة.,اكتشف TalkInHealth.com: اسم بريميوم لـ قابل للعلامة واسم قصير وسهل التذكر. قصير ومميز وملائم لـ SEO.
Kontenjan.com,brandable_general,Kontenjan.com – اسم علامة مميز (Brandable General),Kontenjan.com مناسب لـ قابل للعلامة، اسم قصير، سهل التذكر. قصير وسهل التذكّر ومحسّن لمحركات البحث — مثالي للنمو العضوي وبناء الثقة.,اكتشف Kontenjan.com: اسم بريميوم لـ قابل للعلامة واسم قصير وسهل التذكر. قصير ومميز وملائم لـ SEO.
Beyrout.com,brandable_general,Beyrout.com – اسم علامة مميز (Brandable General),Beyrout.com مناسب لـ قابل للعلامة، اسم قصير، سهل التذكر. قصير وسهل التذكّر ومحسّن لمحركات البحث — مثالي للنمو العضوي وبناء الثقة.,اكتشف Beyrout.com: اسم بريميوم لـ قابل للعلامة واسم قصير وسهل التذكر. قصير ومميز وملائم لـ SEO.
LineHaber.com,brandable_general,LineHaber.com – اسم علامة مميز (Brandable General),LineHaber.com مناسب لـ قابل للعلامة، اسم قصير، سهل التذكر. قصير وسهل التذكّر ومحسّن لمحركات البحث — مثالي للنمو العضوي وبناء الثقة.,اكتشف LineHaber.com: اسم بريميوم لـ قابل للعلامة واسم قصير وسهل التذكر. قصير ومميز وملائم لـ SEO.
ForDiver.com,brandable_general,ForDiver.com – اسم علامة مميز (Brandable General),ForDiver.com مناسب لـ قابل للعلامة، اسم قصير، سهل التذكر. قصير وسهل التذكّر ومحسّن لمحركات البحث — مثالي للنمو العضوي وبناء الثقة.,اكتشف ForDiver.com: اسم بريميوم لـ قابل للعلامة واسم قصير وسهل التذكر. قصير ومميز وملائم لـ SEO.
Layusel.com,brandable_general,Layusel.com – اسم علامة مميز (Brandable General),Layusel.com مناسب لـ قابل للعلامة، اسم قصير، سهل التذكر. قصير وسهل التذكّر ومحسّن لمحركات البحث — مثالي للنمو العضوي وبناء الثقة.,اكتشف Layusel.com: اسم بريميوم لـ قابل للعلامة واسم قصير وسهل التذكر. قصير ومميز وملائم لـ SEO.
SoloTat.com,brandable_general,SoloTat.com – اسم علامة مميز (Brandable General),SoloTat.com مناسب لـ قابل للعلامة، اسم قصير، سهل التذكر. قصير وسهل التذكّر ومحسّن لمحركات البحث — مثالي للنمو العضوي وبناء الثقة.,اكتشف SoloTat.com: اسم بريميوم لـ قابل للعلامة واسم قصير وسهل التذكر. قصير ومميز وملائم لـ SEO.
Nesnelita.com,brandable_general,Nesnelita.com – اسم علامة مميز (Brandable General),Nesnelita.com مناسب لـ قابل للعلامة، اسم قصير، سهل التذكر. قصير وسهل التذكّر ومحسّن لمحركات البحث — مثالي للنمو العضوي وبناء الثقة.,اكتشف Nesnelita.com: اسم بريميوم لـ قابل للعلامة واسم قصير وسهل التذكر. قصير ومميز وملائم لـ SEO.
ChimeSweeps.com,brandable_general,ChimeSweeps.com – اسم علامة مميز (Brandable General),ChimeSweeps.com مناسب لـ قابل للعلامة، اسم قصير، سهل التذكر. قصير وسهل التذكّر ومحسّن لمحركات البحث — مثالي للنمو العضوي وبناء الثقة.,اكتشف ChimeSweeps.com: اسم بريميوم لـ قابل للعلامة واسم قصير وسهل التذكر. قصير ومميز وملائم لـ SEO.
Joker.menu,brandable_general,Joker.menu – اسم علامة مميز (Brandable General),Joker.menu مناسب لـ قابل للعلامة، اسم قصير، سهل التذكر. قصير وسهل التذكّر ومحسّن لمحركات البحث — مثالي للنمو العضوي وبناء الثقة.,اكتشف Joker.menu: اسم بريميوم لـ قابل للعلامة واسم قصير وسهل التذكر. قصير ومميز وملائم لـ SEO.
Kulakizi.com,brandable_general,Kulakizi.com – اسم علامة مميز (Brandable General),Kulakizi.com مناسب لـ قابل للعلامة، اسم قصير، سهل التذكر. قصير وسهل التذكّر ومحسّن لمحركات البحث — مثالي للنمو العضوي وبناء الثقة.,اكتشف Kulakizi.com: اسم بريميوم لـ قابل للعلامة واسم قصير وسهل التذكر. قصير ومميز وملائم لـ SEO.
ElitAnne.com,brandable_general,ElitAnne.com – اسم علامة مميز (Brandable General),ElitAnne.com مناسب لـ قابل للعلامة، اسم قصير، سهل التذكر. قصير وسهل التذكّر ومحسّن لمحركات البحث — مثالي للنمو العضوي وبناء الثقة.,اكتشف ElitAnne.com: اسم بريميوم لـ قابل للعلامة واسم قصير وسهل التذكر. قصير ومميز وملائم لـ SEO.
Contactless.live,brandable_general,Contactless.live – اسم علامة مميز (Brandable General),Contactless.live مناسب لـ قابل للعلامة، اسم قصير، سهل التذكر. قصير وسهل التذكّر ومحسّن لمحركات البحث — مثالي للنمو العضوي وبناء الثقة.,اكتشف Contactless.live: اسم بريميوم لـ قابل للعلامة واسم قصير وسهل التذكر. قصير ومميز وملائم لـ SEO.
OnlyMyTime.com,brandable_general,OnlyMyTime.com – اسم علامة مميز (Brandable General),OnlyMyTime.com مناسب لـ قابل للعلامة، اسم قصير، سهل التذكر. قصير وسهل التذكّر ومحسّن لمحركات البحث — مثالي للنمو العضوي وبناء الثقة.,اكتشف OnlyMyTime.com: اسم بريميوم لـ قابل للعلامة واسم قصير وسهل التذكر. قصير ومميز وملائم لـ SEO.
VitrinIstanbul.com,brandable_general,VitrinIstanbul.com – اسم علامة مميز (Brandable General),VitrinIstanbul.com مناسب لـ قابل للعلامة، اسم قصير، سهل التذكر. قصير وسهل التذكّر ومحسّن لمحركات البحث — مثالي للنمو العضوي وبناء الثقة.,اكتشف VitrinIstanbul.com: اسم بريميوم لـ قابل للعلامة واسم قصير وسهل التذكر. قصير ومميز وملائم لـ SEO.
BrainsColors.com,brand_agency,BrainsColors.com – اسم علامة مميز (Brand Agency),BrainsColors.com مناسب لـ branding، agency، creative. قصير وسهل التذكّر ومحسّن لمحركات البحث — مثالي للنمو العضوي وبناء الثقة.,اكتشف BrainsColors.com: اسم بريميوم لـ branding وagency وcreative. قصير ومميز وملائم لـ SEO.
GetToTT.com,brandable_general,GetToTT.com – اسم علامة مميز (Brandable General),GetToTT.com مناسب لـ قابل للعلامة، اسم قصير، سهل التذكر. قصير وسهل التذكّر ومحسّن لمحركات البحث — مثالي للنمو العضوي وبناء الثقة.,اكتشف GetToTT.com: اسم بريميوم لـ قابل للعلامة واسم قصير وسهل التذكر. قصير ومميز وملائم لـ SEO.
ToggPacific.com,brandable_general,ToggPacific.com – اسم علامة مميز (Brandable General),ToggPacific.com مناسب لـ قابل للعلامة، اسم قصير، سهل التذكر. قصير وسهل التذكّر ومحسّن لمحركات البحث — مثالي للنمو العضوي وبناء الثقة.,اكتشف ToggPacific.com: اسم بريميوم لـ قابل للعلامة واسم قصير وسهل التذكر. قصير ومميز وملائم لـ SEO.
BigGaga.com,brandable_general,BigGaga.com – اسم علامة مميز (Brandable General),BigGaga.com مناسب لـ قابل للعلامة، اسم قصير، سهل التذكر. قصير وسهل التذكّر ومحسّن لمحركات البحث — مثالي للنمو العضوي وبناء الثقة.,اكتشف BigGaga.com: اسم بريميوم لـ قابل للعلامة واسم قصير وسهل التذكر. قصير ومميز وملائم لـ SEO.
BackStamp.co,brandable_general,BackStamp.co – اسم علامة مميز (Brandable General),BackStamp.co مناسب لـ قابل للعلامة، اسم قصير، سهل التذكر. قصير وسهل التذكّر ومحسّن لمحركات البحث — مثالي للنمو العضوي وبناء الثقة.,اكتشف BackStamp.co: اسم بريميوم لـ قابل للعلامة واسم قصير وسهل التذكر. قصير ومميز وملائم لـ SEO.
BoldLend.co,brandable_general,BoldLend.co – اسم علامة مميز (Brandable General),BoldLend.co مناسب لـ قابل للعلامة، اسم قصير، سهل التذكر. قصير وسهل التذكّر ومحسّن لمحركات البحث — مثالي للنمو العضوي وبناء الثقة.,اكتشف BoldLend.co: اسم بريميوم لـ قابل للعلامة واسم قصير وسهل التذكر. قصير ومميز وملائم لـ SEO.
EliteComfort.co,nature_green,EliteComfort.co – اسم علامة مميز (Nature Green),EliteComfort.co مناسب لـ استدامة، صديق للبيئة، طبيعة. قصير وسهل التذكّر ومحسّن لمحركات البحث — مثالي للنمو العضوي وبناء الثقة.,اكتشف EliteComfort.co: اسم بريميوم لـ استدامة وصديق للبيئة وطبيعة. قصير ومميز وملائم لـ SEO.
FaceRepair.co,brandable_general,FaceRepair.co – اسم علامة مميز (Brandable General),FaceRepair.co مناسب لـ قابل للعلامة، اسم قصير، سهل التذكر. قصير وسهل التذكّر ومحسّن لمحركات البحث — مثالي للنمو العضوي وبناء الثقة.,اكتشف FaceRepair.co: اسم بريميوم لـ قابل للعلامة واسم قصير وسهل التذكر. قصير ومميز وملائم لـ SEO.
GeniusBee.co,brand_agency,GeniusBee.co – اسم علامة مميز (Brand Agency),GeniusBee.co مناسب لـ branding، agency، creative. قصير وسهل التذكّر ومحسّن لمحركات البحث — مثالي للنمو العضوي وبناء الثقة.,اكتشف GeniusBee.co: اسم بريميوم لـ branding وagency وcreative. قصير ومميز وملائم لـ SEO.
MultiMile.co,brandable_general,MultiMile.co – اسم علامة مميز (Brandable General),MultiMile.co مناسب لـ قابل للعلامة، اسم قصير، سهل التذكر. قصير وسهل التذكّر ومحسّن لمحركات البحث — مثالي للنمو العضوي وبناء الثقة.,اكتشف MultiMile.co: اسم بريميوم لـ قابل للعلامة واسم قصير وسهل التذكر. قصير ومميز وملائم لـ SEO.
NurseWorks.co,brandable_general,NurseWorks.co – اسم علامة مميز (Brandable General),NurseWorks.co مناسب لـ قابل للعلامة، اسم قصير، سهل التذكر. قصير وسهل التذكّر ومحسّن لمحركات البحث — مثالي للنمو العضوي وبناء الثقة.,اكتشف NurseWorks.co: اسم بريميوم لـ قابل للعلامة واسم قصير وسهل التذكر. قصير ومميز وملائم لـ SEO.
PeakBuilt.co,brandable_general,PeakBuilt.co – اسم علامة مميز (Brandable General),PeakBuilt.co مناسب لـ قابل للعلامة، اسم قصير، سهل التذكر. قصير وسهل التذكّر ومحسّن لمحركات البحث — مثالي للنمو العضوي وبناء الثقة.,اكتشف PeakBuilt.co: اسم بريميوم لـ قابل للعلامة واسم قصير وسهل التذكر. قصير ومميز وملائم لـ SEO.
PublicClinic.co,brandable_general,PublicClinic.co – اسم علامة مميز (Brandable General),PublicClinic.co مناسب لـ قابل للعلامة، اسم قصير، سهل التذكر. قصير وسهل التذكّر ومحسّن لمحركات البحث — مثالي للنمو العضوي وبناء الثقة.,اكتشف PublicClinic.co: اسم بريميوم لـ قابل للعلامة واسم قصير وسهل التذكر. قصير ومميز وملائم لـ SEO.
ShoeSpot.co,brandable_general,ShoeSpot.co – اسم علامة مميز (Brandable General),ShoeSpot.co مناسب لـ قابل للعلامة، اسم قصير، سهل التذكر. قصير وسهل التذكّر ومحسّن لمحركات البحث — مثالي للنمو العضوي وبناء الثقة.,اكتشف ShoeSpot.co: اسم بريميوم لـ قابل للعلامة واسم قصير وسهل التذكر. قصير ومميز وملائم لـ SEO.
SmartWarranty.co,warranty,SmartWarranty.co – اسم علامة مميز (Warranty),SmartWarranty.co مناسب لـ ضمان، حماية ممتدة، تغطية. قصير وسهل التذكّر ومحسّن لمحركات البحث — مثالي للنمو العضوي وبناء الثقة.,اكتشف SmartWarranty.co: اسم بريميوم لـ ضمان وحماية ممتدة وتغطية. قصير ومميز وملائم لـ SEO.
SolarCharging.co,brandable_general,SolarCharging.co – اسم علامة مميز (Brandable General),SolarCharging.co مناسب لـ قابل للعلامة، اسم قصير، سهل التذكر. قصير وسهل التذكّر ومحسّن لمحركات البحث — مثالي للنمو العضوي وبناء الثقة.,اكتشف SolarCharging.co: اسم بريميوم لـ قابل للعلامة واسم قصير وسهل التذكر. قصير ومميز وملائم لـ SEO.
SpaTreatments.co,brandable_general,SpaTreatments.co – اسم علامة مميز (Brandable General),SpaTreatments.co مناسب لـ قابل للعلامة، اسم قصير، سهل التذكر. قصير وسهل التذكّر ومحسّن لمحركات البحث — مثالي للنمو العضوي وبناء الثقة.,اكتشف SpaTreatments.co: اسم بريميوم لـ قابل للعلامة واسم قصير وسهل التذكر. قصير ومميز وملائم لـ SEO.
SuitStore.co,brandable_general,SuitStore.co – اسم علامة مميز (Brandable General),SuitStore.co مناسب لـ قابل للعلامة، اسم قصير، سهل التذكر. قصير وسهل التذكّر ومحسّن لمحركات البحث — مثالي للنمو العضوي وبناء الثقة.,اكتشف SuitStore.co: اسم بريميوم لـ قابل للعلامة واسم قصير وسهل التذكر. قصير ومميز وملائم لـ SEO.
VirtualSight.co,brandable_general,VirtualSight.co – اسم علامة مميز (Brandable General),VirtualSight.co مناسب لـ قابل للعلامة، اسم قصير، سهل التذكر. قصير وسهل التذكّر ومحسّن لمحركات البحث — مثالي للنمو العضوي وبناء الثقة.,اكتشف VirtualSight.co: اسم بريميوم لـ قابل للعلامة واسم قصير وسهل التذكر. قصير ومميز وملائم لـ SEO.
TriedCarrier.com,logistics_transport,TriedCarrier.com – اسم علامة مميز (Logistics Transport),TriedCarrier.com مناسب لـ لوجستيات، ناقل، أسطول. قصير وسهل التذكّر ومحسّن لمحركات البحث — مثالي للنمو العضوي وبناء الثقة.,اكتشف TriedCarrier.com: اسم بريميوم لـ لوجستيات وناقل وأسطول. قصير ومميز وملائم لـ SEO.
TriedDelivery.com,brandable_general,TriedDelivery.com – اسم علامة مميز (Brandable General),TriedDelivery.com مناسب لـ قابل للعلامة، اسم قصير، سهل التذكر. قصير وسهل التذكّر ومحسّن لمحركات البحث — مثالي للنمو العضوي وبناء الثقة.,اكتشف TriedDelivery.com: اسم بريميوم لـ قابل للعلامة واسم قصير وسهل التذكر. قصير ومميز وملائم لـ SEO.
Lebabet.com,brandable_general,Lebabet.com – اسم علامة مميز (Brandable General),Lebabet.com مناسب لـ قابل للعلامة، اسم قصير، سهل التذكر. قصير وسهل التذكّر ومحسّن لمحركات البحث — مثالي للنمو العضوي وبناء الثقة.,اكتشف Lebabet.com: اسم بريميوم لـ قابل للعلامة واسم قصير وسهل التذكر. قصير ومميز وملائم لـ SEO.
WhiteScut.com,brandable_general,WhiteScut.com – اسم علامة مميز (Brandable General),WhiteScut.com مناسب لـ قابل للعلامة، اسم قصير، سهل التذكر. قصير وسهل التذكّر ومحسّن لمحركات البحث — مثالي للنمو العضوي وبناء الثقة.,اكتشف WhiteScut.com: اسم بريميوم لـ قابل للعلامة واسم قصير وسهل التذكر. قصير ومميز وملائم لـ SEO.
Aleyh.com,brandable_general,Aleyh.com – اسم علامة مميز (Brandable General),Aleyh.com مناسب لـ قابل للعلامة، اسم قصير، سهل التذكر. قصير وسهل التذكّر ومحسّن لمحركات البحث — مثالي للنمو العضوي وبناء الثقة.,اكتشف Aleyh.com: اسم بريميوم لـ قابل للعلامة واسم قصير وسهل التذكر. قصير ومميز وملائم لـ SEO.
CNPQ.org,brandable_general,CNPQ.org – اسم علامة مميز (Brandable General),CNPQ.org مناسب لـ قابل للعلامة، اسم قصير، سهل التذكر. قصير وسهل التذكّر ومحسّن لمحركات البحث — مثالي للنمو العضوي وبناء الثقة.,اكتشف CNPQ.org: اسم بريميوم لـ قابل للعلامة واسم قصير وسهل التذكر. قصير ومميز وملائم لـ SEO.
UsherMore.com,brandable_general,UsherMore.com – اسم علامة مميز (Brandable General),UsherMore.com مناسب لـ قابل للعلامة، اسم قصير، سهل التذكر. قصير وسهل التذكّر ومحسّن لمحركات البحث — مثالي للنمو العضوي وبناء الثقة.,اكتشف UsherMore.com: اسم بريميوم لـ قابل للعلامة واسم قصير وسهل التذكر. قصير ومميز وملائم لـ SEO.
Zikrullah.com,brandable_general,Zikrullah.com – اسم علامة مميز (Brandable General),Zikrullah.com مناسب لـ قابل للعلامة، اسم قصير، سهل التذكر. قصير وسهل التذكّر ومحسّن لمحركات البحث — مثالي للنمو العضوي وبناء الثقة.,اكتشف Zikrullah.com: اسم بريميوم لـ قابل للعلامة واسم قصير وسهل التذكر. قصير ومميز وملائم لـ SEO.
Vakit.org,brandable_general,Vakit.org – اسم علامة مميز (Brandable General),Vakit.org مناسب لـ قابل للعلامة، اسم قصير، سهل التذكر. قصير وسهل التذكّر ومحسّن لمحركات البحث — مثالي للنمو العضوي وبناء الثقة.,اكتشف Vakit.org: اسم بريميوم لـ قابل للعلامة واسم قصير وسهل التذكر. قصير ومميز وملائم لـ SEO.
AimDD.com,brandable_general,AimDD.com – اسم علامة مميز (Brandable General),AimDD.com مناسب لـ قابل للعلامة، اسم قصير، سهل التذكر. قصير وسهل التذكّر ومحسّن لمحركات البحث — مثالي للنمو العضوي وبناء الثقة.,اكتشف AimDD.com: اسم بريميوم لـ قابل للعلامة واسم قصير وسهل التذكر. قصير ومميز وملائم لـ SEO.
mPAYm.com,brandable_general,mPAYm.com – اسم علامة مميز (Brandable General),mPAYm.com مناسب لـ قابل للعلامة، اسم قصير، سهل التذكر. قصير وسهل التذكّر ومحسّن لمحركات البحث — مثالي للنمو العضوي وبناء الثقة.,اكتشف mPAYm.com: اسم بريميوم لـ قابل للعلامة واسم قصير وسهل التذكر. قصير ومميز وملائم لـ SEO.
GoGode.com,brandable_general,GoGode.com – اسم علامة مميز (Brandable General),GoGode.com مناسب لـ قابل للعلامة، اسم قصير، سهل التذكر. قصير وسهل التذكّر ومحسّن لمحركات البحث — مثالي للنمو العضوي وبناء الثقة.,اكتشف GoGode.com: اسم بريميوم لـ قابل للعلامة واسم قصير وسهل التذكر. قصير ومميز وملائم لـ SEO.
TTSus.com,brandable_general,TTSus.com – اسم علامة مميز (Brandable General),TTSus.com مناسب لـ قابل للعلامة، اسم قصير، سهل التذكر. قصير وسهل التذكّر ومحسّن لمحركات البحث — مثالي للنمو العضوي وبناء الثقة.,اكتشف TTSus.com: اسم بريميوم لـ قابل للعلامة واسم قصير وسهل التذكر. قصير ومميز وملائم لـ SEO.
Oemec.com,brandable_general,Oemec.com – اسم علامة مميز (Brandable General),Oemec.com مناسب لـ قابل للعلامة، اسم قصير، سهل التذكر. قصير وسهل التذكّر ومحسّن لمحركات البحث — مثالي للنمو العضوي وبناء الثقة.,اكتشف Oemec.com: اسم بريميوم لـ قابل للعلامة واسم قصير وسهل التذكر. قصير ومميز وملائم لـ SEO.
Padga.com,brandable_general,Padga.com – اسم علامة مميز (Brandable General),Padga.com مناسب لـ قابل للعلامة، اسم قصير، سهل التذكر. قصير وسهل التذكّر ومحسّن لمحركات البحث — مثالي للنمو العضوي وبناء الثقة.,اكتشف Padga.com: اسم بريميوم لـ قابل للعلامة واسم قصير وسهل التذكر. قصير ومميز وملائم لـ SEO.
TatilSpotu.com,brandable_general,TatilSpotu.com – اسم علامة مميز (Brandable General),TatilSpotu.com مناسب لـ قابل للعلامة، اسم قصير، سهل التذكر. قصير وسهل التذكّر ومحسّن لمحركات البحث — مثالي للنمو العضوي وبناء الثقة.,اكتشف TatilSpotu.com: اسم بريميوم لـ قابل للعلامة واسم قصير وسهل التذكر. قصير ومميز وملائم لـ SEO.
MirRoo.com,brandable_general,MirRoo.com – اسم علامة مميز (Brandable General),MirRoo.com مناسب لـ قابل للعلامة، اسم قصير، سهل التذكر. قصير وسهل التذكّر ومحسّن لمحركات البحث — مثالي للنمو العضوي وبناء الثقة.,اكتشف MirRoo.com: اسم بريميوم لـ قابل للعلامة واسم قصير وسهل التذكر. قصير ومميز وملائم لـ SEO.
SozLux.com,brandable_general,SozLux.com – اسم علامة مميز (Brandable General),SozLux.com مناسب لـ قابل للعلامة، اسم قصير، سهل التذكر. قصير وسهل التذكّر ومحسّن لمحركات البحث — مثالي للنمو العضوي وبناء الثقة.,اكتشف SozLux.com: اسم بريميوم لـ قابل للعلامة واسم قصير وسهل التذكر. قصير ومميز وملائم لـ SEO.
PanelAxis.com,saas_dashboard,PanelAxis.com – اسم علامة مميز (Saas Dashboard),PanelAxis.com مناسب لـ SaaS، لوحة تحكم، برنامج B2B. قصير وسهل التذكّر ومحسّن لمحركات البحث — مثالي للنمو العضوي وبناء الثقة.,اكتشف PanelAxis.com: اسم بريميوم لـ SaaS ولوحة تحكم وبرنامج B2B. قصير ومميز وملائم لـ SEO.
MentorTiger.com,animals_strength,MentorTiger.com – اسم علامة مميز (Animals Strength),MentorTiger.com مناسب لـ لياقة، خارجي، قيادة. قصير وسهل التذكّر ومحسّن لمحركات البحث — مثالي للنمو العضوي وبناء الثقة.,اكتشف MentorTiger.com: اسم بريميوم لـ لياقة وخارجي وقيادة. قصير ومميز وملائم لـ SEO.
SuperWavy.com,brandable_general,SuperWavy.com – اسم علامة مميز (Brandable General),SuperWavy.com مناسب لـ قابل للعلامة، اسم قصير، سهل التذكر. قصير وسهل التذكّر ومحسّن لمحركات البحث — مثالي للنمو العضوي وبناء الثقة.,اكتشف SuperWavy.com: اسم بريميوم لـ قابل للعلامة واسم قصير وسهل التذكر. قصير ومميز وملائم لـ SEO.
Zivto.com,brandable_general,Zivto.com – اسم علامة مميز (Brandable General),Zivto.com مناسب لـ قابل للعلامة، اسم قصير، سهل التذكر. قصير وسهل التذكّر ومحسّن لمحركات البحث — مثالي للنمو العضوي وبناء الثقة.,اكتشف Zivto.com: اسم بريميوم لـ قابل للعلامة واسم قصير وسهل التذكر. قصير ومميز وملائم لـ SEO.
FlavorOrbit.com,food_snack,FlavorOrbit.com – اسم علامة مميز (Food Snack),FlavorOrbit.com مناسب لـ وجبات خفيفة، علامة غذائية، توصيل. قصير وسهل التذكّر ومحسّن لمحركات البحث — مثالي للنمو العضوي وبناء الثقة.,اكتشف FlavorOrbit.com: اسم بريميوم لـ وجبات خفيفة وعلامة غذائية وتوصيل. قصير ومميز وملائم لـ SEO.
NiceLush.com,health_diet,NiceLush.com – اسم علامة مميز (Health Diet),NiceLush.com مناسب لـ نظام صحي، تغذية، عافية. قصير وسهل التذكّر ومحسّن لمحركات البحث — مثالي للنمو العضوي وبناء الثقة.,اكتشف NiceLush.com: اسم بريميوم لـ نظام صحي وتغذية وعافية. قصير ومميز وملائم لـ SEO.
SnackOrbit.com,food_snack,SnackOrbit.com – اسم علامة مميز (Food Snack),SnackOrbit.com مناسب لـ وجبات خفيفة، علامة غذائية، توصيل. قصير وسهل التذكّر ومحسّن لمحركات البحث — مثالي للنمو العضوي وبناء الثقة.,اكتشف SnackOrbit.com: اسم بريميوم لـ وجبات خفيفة وعلامة غذائية وتوصيل. قصير ومميز وملائم لـ SEO.
CardioBear.com,health_diet,CardioBear.com – اسم علامة مميز (Health Diet),CardioBear.com مناسب لـ نظام صحي، تغذية، عافية. قصير وسهل التذكّر ومحسّن لمحركات البحث — مثالي للنمو العضوي وبناء الثقة.,اكتشف CardioBear.com: اسم بريميوم لـ نظام صحي وتغذية وعافية. قصير ومميز وملائم لـ SEO.
VUY.io,brandable_general,VUY.io – اسم علامة مميز (Brandable General),VUY.io مناسب لـ قابل للعلامة، اسم قصير، سهل التذكر. قصير وسهل التذكّر ومحسّن لمحركات البحث — مثالي للنمو العضوي وبناء الثقة.,اكتشف VUY.io: اسم بريميوم لـ قابل للعلامة واسم قصير وسهل التذكر. قصير ومميز وملائم لـ SEO.
AVRI.net,brandable_general,AVRI.net – اسم علامة مميز (Brandable General),AVRI.net مناسب لـ قابل للعلامة، اسم قصير، سهل التذكر. قصير وسهل التذكّر ومحسّن لمحركات البحث — مثالي للنمو العضوي وبناء الثقة.,اكتشف AVRI.net: اسم بريميوم لـ قابل للعلامة واسم قصير وسهل التذكر. قصير ومميز وملائم لـ SEO.
USNA.net,brandable_general,USNA.net – اسم علامة مميز (Brandable General),USNA.net مناسب لـ قابل للعلامة، اسم قصير، سهل التذكر. قصير وسهل التذكّر ومحسّن لمحركات البحث — مثالي للنمو العضوي وبناء الثقة.,اكتشف USNA.net: اسم بريميوم لـ قابل للعلامة واسم قصير وسهل التذكر. قصير ومميز وملائم لـ SEO.
SBR.net,brandable_general,SBR.net – اسم علامة مميز (Brandable General),SBR.net مناسب لـ قابل للعلامة، اسم قصير، سهل التذكر. قصير وسهل التذكّر ومحسّن لمحركات البحث — مثالي للنمو العضوي وبناء الثقة.,اكتشف SBR.net: اسم بريميوم لـ قابل للعلامة واسم قصير وسهل التذكر. قصير ومميز وملائم لـ SEO.
WordEntry.com,trend_analytics,WordEntry.com – اسم علامة مميز (Trend Analytics),WordEntry.com مناسب لـ تحليلات، بيانات، اتجاهات. قصير وسهل التذكّر ومحسّن لمحركات البحث — مثالي للنمو العضوي وبناء الثقة.,اكتشف WordEntry.com: اسم بريميوم لـ تحليلات وبيانات واتجاهات. قصير ومميز وملائم لـ SEO.
HairToCare.com,brandable_general,HairToCare.com – اسم علامة مميز (Brandable General),HairToCare.com مناسب لـ قابل للعلامة، اسم قصير، سهل التذكر. قصير وسهل التذكّر ومحسّن لمحركات البحث — مثالي للنمو العضوي وبناء الثقة.,اكتشف HairToCare.com: اسم بريميوم لـ قابل للعلامة واسم قصير وسهل التذكر. قصير ومميز وملائم لـ SEO.
HitRegion.com,trend_analytics,HitRegion.com – اسم علامة مميز (Trend Analytics),HitRegion.com مناسب لـ تحليلات، بيانات، اتجاهات. قصير وسهل التذكّر ومحسّن لمحركات البحث — مثالي للنمو العضوي وبناء الثقة.,اكتشف HitRegion.com: اسم بريميوم لـ تحليلات وبيانات واتجاهات. قصير ومميز وملائم لـ SEO.
UYFE.com,brandable_general,UYFE.com – اسم علامة مميز (Brandable General),UYFE.com مناسب لـ قابل للعلامة، اسم قصير، سهل التذكر. قصير وسهل التذكّر ومحسّن لمحركات البحث — مثالي للنمو العضوي وبناء الثقة.,اكتشف UYFE.com: اسم بريميوم لـ قابل للعلامة واسم قصير وسهل التذكر. قصير ومميز وملائم لـ SEO.
Batyal.com,brandable_general,Batyal.com – اسم علامة مميز (Brandable General),Batyal.com مناسب لـ قابل للعلامة، اسم قصير، سهل التذكر. قصير وسهل التذكّر ومحسّن لمحركات البحث — مثالي للنمو العضوي وبناء الثقة.,اكتشف Batyal.com: اسم بريميوم لـ قابل للعلامة واسم قصير وسهل التذكر. قصير ومميز وملائم لـ SEO.
OldLogic.com,trend_analytics,OldLogic.com – اسم علامة مميز (Trend Analytics),OldLogic.com مناسب لـ تحليلات، بيانات، اتجاهات. قصير وسهل التذكّر ومحسّن لمحركات البحث — مثالي للنمو العضوي وبناء الثقة.,اكتشف OldLogic.com: اسم بريميوم لـ تحليلات وبيانات واتجاهات. قصير ومميز وملائم لـ SEO.
BonnyDiet.com,health_diet,BonnyDiet.com – اسم علامة مميز (Health Diet),BonnyDiet.com مناسب لـ نظام صحي، تغذية، عافية. قصير وسهل التذكّر ومحسّن لمحركات البحث — مثالي للنمو العضوي وبناء الثقة.,اكتشف BonnyDiet.com: اسم بريميوم لـ نظام صحي وتغذية وعافية. قصير ومميز وملائم لـ SEO.
Nadyo.com,brandable_general,Nadyo.com – اسم علامة مميز (Brandable General),Nadyo.com مناسب لـ قابل للعلامة، اسم قصير، سهل التذكر. قصير وسهل التذكّر ومحسّن لمحركات البحث — مثالي للنمو العضوي وبناء الثقة.,اكتشف Nadyo.com: اسم بريميوم لـ قابل للعلامة واسم قصير وسهل التذكر. قصير ومميز وملائم لـ SEO.
Bipna.com,brandable_general,Bipna.com – اسم علامة مميز (Brandable General),Bipna.com مناسب لـ قابل للعلامة، اسم قصير، سهل التذكر. قصير وسهل التذكّر ومحسّن لمحركات البحث — مثالي للنمو العضوي وبناء الثقة.,اكتشف Bipna.com: اسم بريميوم لـ قابل للعلامة واسم قصير وسهل التذكر. قصير ومميز وملائم لـ SEO.
SweetSkirt.com,brandable_general,SweetSkirt.com – اسم علامة مميز (Brandable General),SweetSkirt.com مناسب لـ قابل للعلامة، اسم قصير، سهل التذكر. قصير وسهل التذكّر ومحسّن لمحركات البحث — مثالي للنمو العضوي وبناء الثقة.,اكتشف SweetSkirt.com: اسم بريميوم لـ قابل للعلامة واسم قصير وسهل التذكر. قصير ومميز وملائم لـ SEO.
Elfida.com,brandable_general,Elfida.com – اسم علامة مميز (Brandable General),Elfida.com مناسب لـ قابل للعلامة، اسم قصير، سهل التذكر. قصير وسهل التذكّر ومحسّن لمحركات البحث — مثالي للنمو العضوي وبناء الثقة.,اكتشف Elfida.com: اسم بريميوم لـ قابل للعلامة واسم قصير وسهل التذكر. قصير ومميز وملائم لـ SEO.
HideDocs.com,security_privacy,HideDocs.com – اسم علامة مميز (Security Privacy),HideDocs.com مناسب لـ أمن سيبراني، خصوصية، خزنة. قصير وسهل التذكّر ومحسّن لمحركات البحث — مثالي للنمو العضوي وبناء الثقة.,اكتشف HideDocs.com: اسم بريميوم لـ أمن سيبراني وخصوصية وخزنة. قصير ومميز وملائم لـ SEO.
ToggTeam.com,brandable_general,ToggTeam.com – اسم علامة مميز (Brandable General),ToggTeam.com مناسب لـ قابل للعلامة، اسم قصير، سهل التذكر. قصير وسهل التذكّر ومحسّن لمحركات البحث — مثالي للنمو العضوي وبناء الثقة.,اكتشف ToggTeam.com: اسم بريميوم لـ قابل للعلامة واسم قصير وسهل التذكر. قصير ومميز وملائم لـ SEO.
Belenay.com,brandable_general,Belenay.com – اسم علامة مميز (Brandable General),Belenay.com مناسب لـ قابل للعلامة، اسم قصير، سهل التذكر. قصير وسهل التذكّر ومحسّن لمحركات البحث — مثالي للنمو العضوي وبناء الثقة.,اكتشف Belenay.com: اسم بريميوم لـ قابل للعلامة واسم قصير وسهل التذكر. قصير ومميز وملائم لـ SEO.
LuckLack.com,brandable_general,LuckLack.com – اسم علامة مميز (Brandable General),LuckLack.com مناسب لـ قابل للعلامة، اسم قصير، سهل التذكر. قصير وسهل التذكّر ومحسّن لمحركات البحث — مثالي للنمو العضوي وبناء الثقة.,اكتشف LuckLack.com: اسم بريميوم لـ قابل للعلامة واسم قصير وسهل التذكر. قصير ومميز وملائم لـ SEO.
DoSlush.com,health_diet,DoSlush.com – اسم علامة مميز (Health Diet),DoSlush.com مناسب لـ نظام صحي، تغذية، عافية. قصير وسهل التذكّر ومحسّن لمحركات البحث — مثالي للنمو العضوي وبناء الثقة.,اكتشف DoSlush.com: اسم بريميوم لـ نظام صحي وتغذية وعافية. قصير ومميز وملائم لـ SEO.
Melkut.com,brandable_general,Melkut.com – اسم علامة مميز (Brandable General),Melkut.com مناسب لـ قابل للعلامة، اسم قصير، سهل التذكر. قصير وسهل التذكّر ومحسّن لمحركات البحث — مثالي للنمو العضوي وبناء الثقة.,اكتشف Melkut.com: اسم بريميوم لـ قابل للعلامة واسم قصير وسهل التذكر. قصير ومميز وملائم لـ SEO.
Doslash.com,brandable_general,Doslash.com – اسم علامة مميز (Brandable General),Doslash.com مناسب لـ قابل للعلامة، اسم قصير، سهل التذكر. قصير وسهل التذكّر ومحسّن لمحركات البحث — مثالي للنمو العضوي وبناء الثقة.,اكتشف Doslash.com: اسم بريميوم لـ قابل للعلامة واسم قصير وسهل التذكر. قصير ومميز وملائم لـ SEO.
ActiveStamp.com,brandable_general,ActiveStamp.com – اسم علامة مميز (Brandable General),ActiveStamp.com مناسب لـ قابل للعلامة، اسم قصير، سهل التذكر. قصير وسهل التذكّر ومحسّن لمحركات البحث — مثالي للنمو العضوي وبناء الثقة.,اكتشف ActiveStamp.com: اسم بريميوم لـ قابل للعلامة واسم قصير وسهل التذكر. قصير ومميز وملائم لـ SEO.
WellWhet.com,health_diet,WellWhet.com – اسم علامة مميز (Health Diet),WellWhet.com مناسب لـ نظام صحي، تغذية، عافية. قصير وسهل التذكّر ومحسّن لمحركات البحث — مثالي للنمو العضوي وبناء الثقة.,اكتشف WellWhet.com: اسم بريميوم لـ نظام صحي وتغذية وعافية. قصير ومميز وملائم لـ SEO.
BetterWolf.com,animals_strength,BetterWolf.com – اسم علامة مميز (Animals Strength),BetterWolf.com مناسب لـ لياقة، خارجي، قيادة. قصير وسهل التذكّر ومحسّن لمحركات البحث — مثالي للنمو العضوي وبناء الثقة.,اكتشف BetterWolf.com: اسم بريميوم لـ لياقة وخارجي وقيادة. قصير ومميز وملائم لـ SEO.
ForeverActive.co,brandable_general,ForeverActive.co – اسم علامة مميز (Brandable General),ForeverActive.co مناسب لـ قابل للعلامة، اسم قصير، سهل التذكر. قصير وسهل التذكّر ومحسّن لمحركات البحث — مثالي للنمو العضوي وبناء الثقة.,اكتشف ForeverActive.co: اسم بريميوم لـ قابل للعلامة واسم قصير وسهل التذكر. قصير ومميز وملائم لـ SEO.
NatureBased.co,nature_green,NatureBased.co – اسم علامة مميز (Nature Green),NatureBased.co مناسب لـ استدامة، صديق للبيئة، طبيعة. قصير وسهل التذكّر ومحسّن لمحركات البحث — مثالي للنمو العضوي وبناء الثقة.,اكتشف NatureBased.co: اسم بريميوم لـ استدامة وصديق للبيئة وطبيعة. قصير ومميز وملائم لـ SEO.
ReCarrier.com,logistics_transport,ReCarrier.com – اسم علامة مميز (Logistics Transport),ReCarrier.com مناسب لـ لوجستيات، ناقل، أسطول. قصير وسهل التذكّر ومحسّن لمحركات البحث — مثالي للنمو العضوي وبناء الثقة.,اكتشف ReCarrier.com: اسم بريميوم لـ لوجستيات وناقل وأسطول. قصير ومميز وملائم لـ SEO.
BoldWarranty.com,warranty,BoldWarranty.com – اسم علامة مميز (Warranty),BoldWarranty.com مناسب لـ ضمان، حماية ممتدة، تغطية. قصير وسهل التذكّر ومحسّن لمحركات البحث — مثالي للنمو العضوي وبناء الثقة.,اكتشف BoldWarranty.com: اسم بريميوم لـ ضمان وحماية ممتدة وتغطية. قصير ومميز وملائم لـ SEO.
BrightWarranty.com,warranty,BrightWarranty.com – اسم علامة مميز (Warranty),BrightWarranty.com مناسب لـ ضمان، حماية ممتدة، تغطية. قصير وسهل التذكّر ومحسّن لمحركات البحث — مثالي للنمو العضوي وبناء الثقة.,اكتشف BrightWarranty.com: اسم بريميوم لـ ضمان وحماية ممتدة وتغطية. قصير ومميز وملائم لـ SEO.
GorgeousEstate.com,real_estate,GorgeousEstate.com – اسم علامة مميز (Real Estate),GorgeousEstate.com مناسب لـ عقار، تقنية عقارية، فاخر. قصير وسهل التذكّر ومحسّن لمحركات البحث — مثالي للنمو العضوي وبناء الثقة.,اكتشف GorgeousEstate.com: اسم بريميوم لـ عقار وتقنية عقارية وفاخر. قصير ومميز وملائم لـ SEO.
SwirlFox.com,animals_strength,SwirlFox.com – اسم علامة مميز (Animals Strength),SwirlFox.com مناسب لـ لياقة، خارجي، قيادة. قصير وسهل التذكّر ومحسّن لمحركات البحث — مثالي للنمو العضوي وبناء الثقة.,اكتشف SwirlFox.com: اسم بريميوم لـ لياقة وخارجي وقيادة. قصير ومميز وملائم لـ SEO.
VortexBee.com,brandable_general,VortexBee.com – اسم علامة مميز (Brandable General),VortexBee.com مناسب لـ قابل للعلامة، اسم قصير، سهل التذكر. قصير وسهل التذكّر ومحسّن لمحركات البحث — مثالي للنمو العضوي وبناء الثقة.,اكتشف VortexBee.com: اسم بريميوم لـ قابل للعلامة واسم قصير وسهل التذكر. قصير ومميز وملائم لـ SEO.
UMZ.io,brandable_general,UMZ.io – اسم علامة مميز (Brandable General),UMZ.io مناسب لـ قابل للعلامة، اسم قصير، سهل التذكر. قصير وسهل التذكّر ومحسّن لمحركات البحث — مثالي للنمو العضوي وبناء الثقة.,اكتشف UMZ.io: اسم بريميوم لـ قابل للعلامة واسم قصير وسهل التذكر. قصير ومميز وملائم لـ SEO.
Superluminosity.com,trend_analytics,Superluminosity.com – اسم علامة مميز (Trend Analytics),Superluminosity.com مناسب لـ تحليلات، بيانات، اتجاهات. قصير وسهل التذكّر ومحسّن لمحركات البحث — مثالي للنمو العضوي وبناء الثقة.,اكتشف Superluminosity.com: اسم بريميوم لـ تحليلات وبيانات واتجاهات. قصير ومميز وملائم لـ SEO.
Hulgum.com,brandable_general,Hulgum.com – اسم علامة مميز (Brandable General),Hulgum.com مناسب لـ قابل للعلامة، اسم قصير، سهل التذكر. قصير وسهل التذكّر ومحسّن لمحركات البحث — مثالي للنمو العضوي وبناء الثقة.,اكتشف Hulgum.com: اسم بريميوم لـ قابل للعلامة واسم قصير وسهل التذكر. قصير ومميز وملائم لـ SEO.
WorkBison.com,animals_strength,WorkBison.com – اسم علامة مميز (Animals Strength),WorkBison.com مناسب لـ لياقة، خارجي، قيادة. قصير وسهل التذكّر ومحسّن لمحركات البحث — مثالي للنمو العضوي وبناء الثقة.,اكتشف WorkBison.com: اسم بريميوم لـ لياقة وخارجي وقيادة. قصير ومميز وملائم لـ SEO.
DEEB.co,brandable_general,DEEB.co – اسم علامة مميز (Brandable General),DEEB.co مناسب لـ قابل للعلامة، اسم قصير، سهل التذكر. قصير وسهل التذكّر ومحسّن لمحركات البحث — مثالي للنمو العضوي وبناء الثقة.,اكتشف DEEB.co: اسم بريميوم لـ قابل للعلامة واسم قصير وسهل التذكر. قصير ومميز وملائم لـ SEO.
DormantEnergy.com,brandable_general,DormantEnergy.com – اسم علامة مميز (Brandable General),DormantEnergy.com مناسب لـ قابل للعلامة، اسم قصير، سهل التذكر. قصير وسهل التذكّر ومحسّن لمحركات البحث — مثالي للنمو العضوي وبناء الثقة.,اكتشف DormantEnergy.com: اسم بريميوم لـ قابل للعلامة واسم قصير وسهل التذكر. قصير ومميز وملائم لـ SEO.
RavenTour.com,music_audio,RavenTour.com – اسم علامة مميز (Music Audio),RavenTour.com مناسب لـ ذكاء موسيقي، برمجيات صوت، تصميم صوت. قصير وسهل التذكّر ومحسّن لمحركات البحث — مثالي للنمو العضوي وبناء الثقة.,اكتشف RavenTour.com: اسم بريميوم لـ ذكاء موسيقي وبرمجيات صوت وتصميم صوت. قصير ومميز وملائم لـ SEO.
FlavorPilot.com,food_snack,FlavorPilot.com – اسم علامة مميز (Food Snack),FlavorPilot.com مناسب لـ وجبات خفيفة، علامة غذائية، توصيل. قصير وسهل التذكّر ومحسّن لمحركات البحث — مثالي للنمو العضوي وبناء الثقة.,اكتشف FlavorPilot.com: اسم بريميوم لـ وجبات خفيفة وعلامة غذائية وتوصيل. قصير ومميز وملائم لـ SEO.
PumaAxis.com,saas_dashboard,PumaAxis.com – اسم علامة مميز (Saas Dashboard),PumaAxis.com مناسب لـ SaaS، لوحة تحكم، برنامج B2B. قصير وسهل التذكّر ومحسّن لمحركات البحث — مثالي للنمو العضوي وبناء الثقة.,اكتشف PumaAxis.com: اسم بريميوم لـ SaaS ولوحة تحكم وبرنامج B2B. قصير ومميز وملائم لـ SEO.
AxisSeven.com,saas_dashboard,AxisSeven.com – اسم علامة مميز (Saas Dashboard),AxisSeven.com مناسب لـ SaaS، لوحة تحكم، برنامج B2B. قصير وسهل التذكّر ومحسّن لمحركات البحث — مثالي للنمو العضوي وبناء الثقة.,اكتشف AxisSeven.com: اسم بريميوم لـ SaaS ولوحة تحكم وبرنامج B2B. قصير ومميز وملائم لـ SEO.
Wellsix.com,health_diet,Wellsix.com – اسم علامة مميز (Health Diet),Wellsix.com مناسب لـ نظام صحي، تغذية، عافية. قصير وسهل التذكّر ومحسّن لمحركات البحث — مثالي للنمو العضوي وبناء الثقة.,اكتشف Wellsix.com: اسم بريميوم لـ نظام صحي وتغذية وعافية. قصير ومميز وملائم لـ SEO.
Dronefive.com,drone_tech,Dronefive.com – اسم علامة مميز (Drone Tech),Dronefive.com مناسب لـ طائرات مسيّرة، تصوير جوي، مسح. قصير وسهل التذكّر ومحسّن لمحركات البحث — مثالي للنمو العضوي وبناء الثقة.,اكتشف Dronefive.com: اسم بريميوم لـ طائرات مسيّرة وتصوير جوي ومسح. قصير ومميز وملائم لـ SEO.
SwankBee.com,brandable_general,SwankBee.com – اسم علامة مميز (Brandable General),SwankBee.com مناسب لـ قابل للعلامة، اسم قصير، سهل التذكر. قصير وسهل التذكّر ومحسّن لمحركات البحث — مثالي للنمو العضوي وبناء الثقة.,اكتشف SwankBee.com: اسم بريميوم لـ قابل للعلامة واسم قصير وسهل التذكر. قصير ومميز وملائم لـ SEO.
SoftRaven.com,music_audio,SoftRaven.com – اسم علامة مميز (Music Audio),SoftRaven.com مناسب لـ ذكاء موسيقي، برمجيات صوت، تصميم صوت. قصير وسهل التذكّر ومحسّن لمحركات البحث — مثالي للنمو العضوي وبناء الثقة.,اكتشف SoftRaven.com: اسم بريميوم لـ ذكاء موسيقي وبرمجيات صوت وتصميم صوت. قصير ومميز وملائم لـ SEO.
OrbitTwo.com,nature_green,OrbitTwo.com – اسم علامة مميز (Nature Green),OrbitTwo.com مناسب لـ استدامة، صديق للبيئة، طبيعة. قصير وسهل التذكّر ومحسّن لمحركات البحث — مثالي للنمو العضوي وبناء الثقة.,اكتشف OrbitTwo.com: اسم بريميوم لـ استدامة وصديق للبيئة وطبيعة. قصير ومميز وملائم لـ SEO.
OwlSnack.com,music_audio,OwlSnack.com – اسم علامة مميز (Music Audio),OwlSnack.com مناسب لـ ذكاء موسيقي، برمجيات صوت، تصميم صوت. قصير وسهل التذكّر ومحسّن لمحركات البحث — مثالي للنمو العضوي وبناء الثقة.,اكتشف OwlSnack.com: اسم بريميوم لـ ذكاء موسيقي وبرمجيات صوت وتصميم صوت. قصير ومميز وملائم لـ SEO.
VaultTrend.com,trend_analytics,VaultTrend.com – اسم علامة مميز (Trend Analytics),VaultTrend.com مناسب لـ تحليلات، بيانات، اتجاهات. قصير وسهل التذكّر ومحسّن لمحركات البحث — مثالي للنمو العضوي وبناء الثقة.,اكتشف VaultTrend.com: اسم بريميوم لـ تحليلات وبيانات واتجاهات. قصير ومميز وملائم لـ SEO.
MetroGist.com,trend_analytics,MetroGist.com – اسم علامة مميز (Trend Analytics),MetroGist.com مناسب لـ تحليلات، بيانات، اتجاهات. قصير وسهل التذكّر ومحسّن لمحركات البحث — مثالي للنمو العضوي وبناء الثقة.,اكتشف MetroGist.com: اسم بريميوم لـ تحليلات وبيانات واتجاهات. قصير ومميز وملائم لـ SEO.
NextVisor.com,saas_dashboard,NextVisor.com – اسم علامة مميز (Saas Dashboard),NextVisor.com مناسب لـ SaaS، لوحة تحكم، برنامج B2B. قصير وسهل التذكّر ومحسّن لمحركات البحث — مثالي للنمو العضوي وبناء الثقة.,اكتشف NextVisor.com: اسم بريميوم لـ SaaS ولوحة تحكم وبرنامج B2B. قصير ومميز وملائم لـ SEO.
CapacityOne.com,brandable_general,CapacityOne.com – اسم علامة مميز (Brandable General),CapacityOne.com مناسب لـ قابل للعلامة، اسم قصير، سهل التذكر. قصير وسهل التذكّر ومحسّن لمحركات البحث — مثالي للنمو العضوي وبناء الثقة.,اكتشف CapacityOne.com: اسم بريميوم لـ قابل للعلامة واسم قصير وسهل التذكر. قصير ومميز وملائم لـ SEO.
Suvary.com,brandable_general,Suvary.com – اسم علامة مميز (Brandable General),Suvary.com مناسب لـ قابل للعلامة، اسم قصير، سهل التذكر. قصير وسهل التذكّر ومحسّن لمحركات البحث — مثالي للنمو العضوي وبناء الثقة.,اكتشف Suvary.com: اسم بريميوم لـ قابل للعلامة واسم قصير وسهل التذكر. قصير ومميز وملائم لـ SEO.
LeaderBulk.com,brandable_general,LeaderBulk.com – اسم علامة مميز (Brandable General),LeaderBulk.com مناسب لـ قابل للعلامة، اسم قصير، سهل التذكر. قصير وسهل التذكّر ومحسّن لمحركات البحث — مثالي للنمو العضوي وبناء الثقة.,اكتشف LeaderBulk.com: اسم بريميوم لـ قابل للعلامة واسم قصير وسهل التذكر. قصير ومميز وملائم لـ SEO.
BrandCubic.com,brand_agency,BrandCubic.com – اسم علامة مميز (Brand Agency),BrandCubic.com مناسب لـ branding، agency، creative. قصير وسهل التذكّر ومحسّن لمحركات البحث — مثالي للنمو العضوي وبناء الثقة.,اكتشف BrandCubic.com: اسم بريميوم لـ branding وagency وcreative. قصير ومميز وملائم لـ SEO.
BirdEars.com,brandable_general,BirdEars.com – اسم علامة مميز (Brandable General),BirdEars.com مناسب لـ قابل للعلامة، اسم قصير، سهل التذكر. قصير وسهل التذكّر ومحسّن لمحركات البحث — مثالي للنمو العضوي وبناء الثقة.,اكتشف BirdEars.com: اسم بريميوم لـ قابل للعلامة واسم قصير وسهل التذكر. قصير ومميز وملائم لـ SEO.
BeeProbe.com,brandable_general,BeeProbe.com – اسم علامة مميز (Brandable General),BeeProbe.com مناسب لـ قابل للعلامة، اسم قصير، سهل التذكر. قصير وسهل التذكّر ومحسّن لمحركات البحث — مثالي للنمو العضوي وبناء الثقة.,اكتشف BeeProbe.com: اسم بريميوم لـ قابل للعلامة واسم قصير وسهل التذكر. قصير ومميز وملائم لـ SEO.
BeViews.com,brandable_general,BeViews.com – اسم علامة مميز (Brandable General),BeViews.com مناسب لـ قابل للعلامة، اسم قصير، سهل التذكر. قصير وسهل التذكّر ومحسّن لمحركات البحث — مثالي للنمو العضوي وبناء الثقة.,اكتشف BeViews.com: اسم بريميوم لـ قابل للعلامة واسم قصير وسهل التذكر. قصير ومميز وملائم لـ SEO.
JointCup.com,brandable_general,JointCup.com – اسم علامة مميز (Brandable General),JointCup.com مناسب لـ قابل للعلامة، اسم قصير، سهل التذكر. قصير وسهل التذكّر ومحسّن لمحركات البحث — مثالي للنمو العضوي وبناء الثقة.,اكتشف JointCup.com: اسم بريميوم لـ قابل للعلامة واسم قصير وسهل التذكر. قصير ومميز وملائم لـ SEO.
PumpLeaf.com,food_snack,PumpLeaf.com – اسم علامة مميز (Food Snack),PumpLeaf.com مناسب لـ وجبات خفيفة، علامة غذائية، توصيل. قصير وسهل التذكّر ومحسّن لمحركات البحث — مثالي للنمو العضوي وبناء الثقة.,اكتشف PumpLeaf.com: اسم بريميوم لـ وجبات خفيفة وعلامة غذائية وتوصيل. قصير ومميز وملائم لـ SEO.
IXAZ.com,brandable_general,IXAZ.com – اسم علامة مميز (Brandable General),IXAZ.com مناسب لـ قابل للعلامة، اسم قصير، سهل التذكر. قصير وسهل التذكّر ومحسّن لمحركات البحث — مثالي للنمو العضوي وبناء الثقة.,اكتشف IXAZ.com: اسم بريميوم لـ قابل للعلامة واسم قصير وسهل التذكر. قصير ومميز وملائم لـ SEO.
Kwoy.com,brandable_general,Kwoy.com – اسم علامة مميز (Brandable General),Kwoy.com مناسب لـ قابل للعلامة، اسم قصير، سهل التذكر. قصير وسهل التذكّر ومحسّن لمحركات البحث — مثالي للنمو العضوي وبناء الثقة.,اكتشف Kwoy.com: اسم بريميوم لـ قابل للعلامة واسم قصير وسهل التذكر. قصير ومميز وملائم لـ SEO.
Ago.me,brandable_general,Ago.me – اسم علامة مميز (Brandable General),Ago.me مناسب لـ قابل للعلامة، اسم قصير، سهل التذكر. قصير وسهل التذكّر ومحسّن لمحركات البحث — مثالي للنمو العضوي وبناء الثقة.,اكتشف Ago.me: اسم بريميوم لـ قابل للعلامة واسم قصير وسهل التذكر. قصير ومميز وملائم لـ SEO.
AxisPanel.com,saas_dashboard,AxisPanel.com – اسم علامة مميز (Saas Dashboard),AxisPanel.com مناسب لـ SaaS، لوحة تحكم، برنامج B2B. قصير وسهل التذكّر ومحسّن لمحركات البحث — مثالي للنمو العضوي وبناء الثقة.,اكتشف AxisPanel.com: اسم بريميوم لـ SaaS ولوحة تحكم وبرنامج B2B. قصير ومميز وملائم لـ SEO.
NutAxis.com,saas_dashboard,NutAxis.com – اسم علامة مميز (Saas Dashboard),NutAxis.com مناسب لـ SaaS، لوحة تحكم، برنامج B2B. قصير وسهل التذكّر ومحسّن لمحركات البحث — مثالي للنمو العضوي وبناء الثقة.,اكتشف NutAxis.com: اسم بريميوم لـ SaaS ولوحة تحكم وبرنامج B2B. قصير ومميز وملائم لـ SEO.
BurgerOrbit.com,food_snack,BurgerOrbit.com – اسم علامة مميز (Food Snack),BurgerOrbit.com مناسب لـ وجبات خفيفة، علامة غذائية، توصيل. قصير وسهل التذكّر ومحسّن لمحركات البحث — مثالي للنمو العضوي وبناء الثقة.,اكتشف BurgerOrbit.com: اسم بريميوم لـ وجبات خفيفة وعلامة غذائية وتوصيل. قصير ومميز وملائم لـ SEO.
Insurens.com,insurance,Insurens.com – اسم علامة مميز (Insurance),Insurens.com مناسب لـ تأمين، InsurTech، تغطية. قصير وسهل التذكّر ومحسّن لمحركات البحث — مثالي للنمو العضوي وبناء الثقة.,اكتشف Insurens.com: اسم بريميوم لـ تأمين وInsurTech وتغطية. قصير ومميز وملائم لـ SEO.
Foxfuze.com,animals_strength,Foxfuze.com – اسم علامة مميز (Animals Strength),Foxfuze.com مناسب لـ لياقة، خارجي، قيادة. قصير وسهل التذكّر ومحسّن لمحركات البحث — مثالي للنمو العضوي وبناء الثقة.,اكتشف Foxfuze.com: اسم بريميوم لـ لياقة وخارجي وقيادة. قصير ومميز وملائم لـ SEO.
VillaTiger.com,real_estate,VillaTiger.com – اسم علامة مميز (Real Estate),VillaTiger.com مناسب لـ عقار، تقنية عقارية، فاخر. قصير وسهل التذكّر ومحسّن لمحركات البحث — مثالي للنمو العضوي وبناء الثقة.,اكتشف VillaTiger.com: اسم بريميوم لـ عقار وتقنية عقارية وفاخر. قصير ومميز وملائم لـ SEO.
DiligentFox.com,animals_strength,DiligentFox.com – اسم علامة مميز (Animals Strength),DiligentFox.com مناسب لـ لياقة، خارجي، قيادة. قصير وسهل التذكّر ومحسّن لمحركات البحث — مثالي للنمو العضوي وبناء الثقة.,اكتشف DiligentFox.com: اسم بريميوم لـ لياقة وخارجي وقيادة. قصير ومميز وملائم لـ SEO.
SquadDefend.com,security_privacy,SquadDefend.com – اسم علامة مميز (Security Privacy),SquadDefend.com مناسب لـ أمن سيبراني، خصوصية، خزنة. قصير وسهل التذكّر ومحسّن لمحركات البحث — مثالي للنمو العضوي وبناء الثقة.,اكتشف SquadDefend.com: اسم بريميوم لـ أمن سيبراني وخصوصية وخزنة. قصير ومميز وملائم لـ SEO.
Fullbison.com,animals_strength,Fullbison.com – اسم علامة مميز (Animals Strength),Fullbison.com مناسب لـ لياقة، خارجي، قيادة. قصير وسهل التذكّر ومحسّن لمحركات البحث — مثالي للنمو العضوي وبناء الثقة.,اكتشف Fullbison.com: اسم بريميوم لـ لياقة وخارجي وقيادة. قصير ومميز وملائم لـ SEO.
Beslan.com,brandable_general,Beslan.com – اسم علامة مميز (Brandable General),Beslan.com مناسب لـ قابل للعلامة، اسم قصير، سهل التذكر. قصير وسهل التذكّر ومحسّن لمحركات البحث — مثالي للنمو العضوي وبناء الثقة.,اكتشف Beslan.com: اسم بريميوم لـ قابل للعلامة واسم قصير وسهل التذكر. قصير ومميز وملائم لـ SEO.
Bapup.com,brandable_general,Bapup.com – اسم علامة مميز (Brandable General),Bapup.com مناسب لـ قابل للعلامة، اسم قصير، سهل التذكر. قصير وسهل التذكّر ومحسّن لمحركات البحث — مثالي للنمو العضوي وبناء الثقة.,اكتشف Bapup.com: اسم بريميوم لـ قابل للعلامة واسم قصير وسهل التذكر. قصير ومميز وملائم لـ SEO.
SwiftPrice.com,pricing_deals,SwiftPrice.com – اسم علامة مميز (Pricing Deals),SwiftPrice.com مناسب لـ مقارنة أسعار، عروض، تسعير ديناميكي. قصير وسهل التذكّر ومحسّن لمحركات البحث — مثالي للنمو العضوي وبناء الثقة.,اكتشف SwiftPrice.com: اسم بريميوم لـ مقارنة أسعار وعروض وتسعير ديناميكي. قصير ومميز وملائم لـ SEO.
LovelyNic.com,brandable_general,LovelyNic.com – اسم علامة مميز (Brandable General),LovelyNic.com مناسب لـ قابل للعلامة، اسم قصير، سهل التذكر. قصير وسهل التذكّر ومحسّن لمحركات البحث — مثالي للنمو العضوي وبناء الثقة.,اكتشف LovelyNic.com: اسم بريميوم لـ قابل للعلامة واسم قصير وسهل التذكر. قصير ومميز وملائم لـ SEO.
WolfFleet.com,animals_strength,WolfFleet.com – اسم علامة مميز (Animals Strength),WolfFleet.com مناسب لـ لياقة، خارجي، قيادة. قصير وسهل التذكّر ومحسّن لمحركات البحث — مثالي للنمو العضوي وبناء الثقة.,اكتشف WolfFleet.com: اسم بريميوم لـ لياقة وخارجي وقيادة. قصير ومميز وملائم لـ SEO.
Soothelle.com,brandable_general,Soothelle.com – اسم علامة مميز (Brandable General),Soothelle.com مناسب لـ قابل للعلامة، اسم قصير، سهل التذكر. قصير وسهل التذكّر ومحسّن لمحركات البحث — مثالي للنمو العضوي وبناء الثقة.,اكتشف Soothelle.com: اسم بريميوم لـ قابل للعلامة واسم قصير وسهل التذكر. قصير ومميز وملائم لـ SEO.
ColorfulBrains.com,brand_agency,ColorfulBrains.com – اسم علامة مميز (Brand Agency),ColorfulBrains.com مناسب لـ branding، agency، creative. قصير وسهل التذكّر ومحسّن لمحركات البحث — مثالي للنمو العضوي وبناء الثقة.,اكتشف ColorfulBrains.com: اسم بريميوم لـ branding وagency وcreative. قصير ومميز وملائم لـ SEO.
Kurub.com,brandable_general,Kurub.com – اسم علامة مميز (Brandable General),Kurub.com مناسب لـ قابل للعلامة، اسم قصير، سهل التذكر. قصير وسهل التذكّر ومحسّن لمحركات البحث — مثالي للنمو العضوي وبناء الثقة.,اكتشف Kurub.com: اسم بريميوم لـ قابل للعلامة واسم قصير وسهل التذكر. قصير ومميز وملائم لـ SEO.
LeoBlock.com,brandable_general,LeoBlock.com – اسم علامة مميز (Brandable General),LeoBlock.com مناسب لـ قابل للعلامة، اسم قصير، سهل التذكر. قصير وسهل التذكّر ومحسّن لمحركات البحث — مثالي للنمو العضوي وبناء الثقة.,اكتشف LeoBlock.com: اسم بريميوم لـ قابل للعلامة واسم قصير وسهل التذكر. قصير ومميز وملائم لـ SEO.
Grisus.com,brandable_general,Grisus.com – اسم علامة مميز (Brandable General),Grisus.com مناسب لـ قابل للعلامة، اسم قصير، سهل التذكر. قصير وسهل التذكّر ومحسّن لمحركات البحث — مثالي للنمو العضوي وبناء الثقة.,اكتشف Grisus.com: اسم بريميوم لـ قابل للعلامة واسم قصير وسهل التذكر. قصير ومميز وملائم لـ SEO.
GeniusScout.com,brand_agency,GeniusScout.com – اسم علامة مميز (Brand Agency),GeniusScout.com مناسب لـ branding، agency، creative. قصير وسهل التذكّر ومحسّن لمحركات البحث — مثالي للنمو العضوي وبناء الثقة.,اكتشف GeniusScout.com: اسم بريميوم لـ branding وagency وcreative. قصير ومميز وملائم لـ SEO.
Nockit.com,brandable_general,Nockit.com – اسم علامة مميز (Brandable General),Nockit.com مناسب لـ قابل للعلامة، اسم قصير، سهل التذكر. قصير وسهل التذكّر ومحسّن لمحركات البحث — مثالي للنمو العضوي وبناء الثقة.,اكتشف Nockit.com: اسم بريميوم لـ قابل للعلامة واسم قصير وسهل التذكر. قصير ومميز وملائم لـ SEO.
CleanBox.net,brandable_general,CleanBox.net – اسم علامة مميز (Brandable General),CleanBox.net مناسب لـ قابل للعلامة، اسم قصير، سهل التذكر. قصير وسهل التذكّر ومحسّن لمحركات البحث — مثالي للنمو العضوي وبناء الثقة.,اكتشف CleanBox.net: اسم بريميوم لـ قابل للعلامة واسم قصير وسهل التذكر. قصير ومميز وملائم لـ SEO.
ToVogue.com,brandable_general,ToVogue.com – اسم علامة مميز (Brandable General),ToVogue.com مناسب لـ قابل للعلامة، اسم قصير، سهل التذكر. قصير وسهل التذكّر ومحسّن لمحركات البحث — مثالي للنمو العضوي وبناء الثقة.,اكتشف ToVogue.com: اسم بريميوم لـ قابل للعلامة واسم قصير وسهل التذكر. قصير ومميز وملائم لـ SEO.
Bemif.com,brandable_general,Bemif.com – اسم علامة مميز (Brandable General),Bemif.com مناسب لـ قابل للعلامة، اسم قصير، سهل التذكر. قصير وسهل التذكّر ومحسّن لمحركات البحث — مثالي للنمو العضوي وبناء الثقة.,اكتشف Bemif.com: اسم بريميوم لـ قابل للعلامة واسم قصير وسهل التذكر. قصير ومميز وملائم لـ SEO.
Bubev.com,brandable_general,Bubev.com – اسم علامة مميز (Brandable General),Bubev.com مناسب لـ قابل للعلامة، اسم قصير، سهل التذكر. قصير وسهل التذكّر ومحسّن لمحركات البحث — مثالي للنمو العضوي وبناء الثقة.,اكتشف Bubev.com: اسم بريميوم لـ قابل للعلامة واسم قصير وسهل التذكر. قصير ومميز وملائم لـ SEO.
Kzrn.com,brandable_general,Kzrn.com – اسم علامة مميز (Brandable General),Kzrn.com مناسب لـ قابل للعلامة، اسم قصير، سهل التذكر. قصير وسهل التذكّر ومحسّن لمحركات البحث — مثالي للنمو العضوي وبناء الثقة.,اكتشف Kzrn.com: اسم بريميوم لـ قابل للعلامة واسم قصير وسهل التذكر. قصير ومميز وملائم لـ SEO.
AiHarp.com,music_audio,AiHarp.com – اسم علامة مميز (Music Audio),AiHarp.com مناسب لـ ذكاء موسيقي، برمجيات صوت، تصميم صوت. قصير وسهل التذكّر ومحسّن لمحركات البحث — مثالي للنمو العضوي وبناء الثقة.,اكتشف AiHarp.com: اسم بريميوم لـ ذكاء موسيقي وبرمجيات صوت وتصميم صوت. قصير ومميز وملائم لـ SEO.
ILKX.com,brandable_general,ILKX.com – اسم علامة مميز (Brandable General),ILKX.com مناسب لـ قابل للعلامة، اسم قصير، سهل التذكر. قصير وسهل التذكّر ومحسّن لمحركات البحث — مثالي للنمو العضوي وبناء الثقة.,اكتشف ILKX.com: اسم بريميوم لـ قابل للعلامة واسم قصير وسهل التذكر. قصير ومميز وملائم لـ SEO.
Nisuvi.com,brandable_general,Nisuvi.com – اسم علامة مميز (Brandable General),Nisuvi.com مناسب لـ قابل للعلامة، اسم قصير، سهل التذكر. قصير وسهل التذكّر ومحسّن لمحركات البحث — مثالي للنمو العضوي وبناء الثقة.,اكتشف Nisuvi.com: اسم بريميوم لـ قابل للعلامة واسم قصير وسهل التذكر. قصير ومميز وملائم لـ SEO.
ShinUp.com,brandable_general,ShinUp.com – اسم علامة مميز (Brandable General),ShinUp.com مناسب لـ قابل للعلامة، اسم قصير، سهل التذكر. قصير وسهل التذكّر ومحسّن لمحركات البحث — مثالي للنمو العضوي وبناء الثقة.,اكتشف ShinUp.com: اسم بريميوم لـ قابل للعلامة واسم قصير وسهل التذكر. قصير ومميز وملائم لـ SEO.
CultureChord.com,brandable_general,CultureChord.com – اسم علامة مميز (Brandable General),CultureChord.com مناسب لـ قابل للعلامة، اسم قصير، سهل التذكر. قصير وسهل التذكّر ومحسّن لمحركات البحث — مثالي للنمو العضوي وبناء الثقة.,اكتشف CultureChord.com: اسم بريميوم لـ قابل للعلامة واسم قصير وسهل التذكر. قصير ومميز وملائم لـ SEO.
CloutCrest.com,brandable_general,CloutCrest.com – اسم علامة مميز (Brandable General),CloutCrest.com مناسب لـ قابل للعلامة، اسم قصير، سهل التذكر. قصير وسهل التذكّر ومحسّن لمحركات البحث — مثالي للنمو العضوي وبناء الثقة.,اكتشف CloutCrest.com: اسم بريميوم لـ قابل للعلامة واسم قصير وسهل التذكر. قصير ومميز وملائم لـ SEO.
